Pair_a,Pair_b,Defer
ref_1_Img1,ref_1_Img2,TRUE
ref_1_Img1,ref_1_Img3,TRUE
ref_1_Img1,ref_1_Img4,TRUE
ref_1_Img1,ref_1_Img5,TRUE
ref_1_Img1,ref_1_Img6,TRUE
ref_1_Img1,ref_1_Img7,FALSE
ref_1_Img1,ref_1_Img8,TRUE
ref_1_Img1,ref_1_Img9,FALSE
ref_1_Img1,ref_1_Img10,TRUE
ref_1_Img1,ref_1_Img11,TRUE
ref_1_Img1,ref_1_Img12,TRUE
ref_1_Img1,ref_1_Img13,FALSE
ref_1_Img1,ref_1_Img14,FALSE
ref_1_Img1,ref_1_Img15,TRUE
ref_1_Img1,ref_1_Img16,TRUE
ref_1_Img2,ref_1_Img3,TRUE
ref_1_Img2,ref_1_Img4,TRUE
ref_1_Img2,ref_1_Img5,TRUE
ref_1_Img2,ref_1_Img6,TRUE
ref_1_Img2,ref_1_Img7,TRUE
ref_1_Img2,ref_1_Img8,TRUE
ref_1_Img2,ref_1_Img9,FALSE
ref_1_Img2,ref_1_Img10,TRUE
ref_1_Img2,ref_1_Img11,TRUE
ref_1_Img2,ref_1_Img12,TRUE
ref_1_Img2,ref_1_Img13,TRUE
ref_1_Img2,ref_1_Img14,TRUE
ref_1_Img2,ref_1_Img15,TRUE
ref_1_Img2,ref_1_Img16,TRUE
ref_1_Img3,ref_1_Img4,TRUE
ref_1_Img3,ref_1_Img5,TRUE
ref_1_Img3,ref_1_Img6,FALSE
ref_1_Img3,ref_1_Img7,TRUE
ref_1_Img3,ref_1_Img8,TRUE
ref_1_Img3,ref_1_Img9,TRUE
ref_1_Img3,ref_1_Img10,TRUE
ref_1_Img3,ref_1_Img11,TRUE
ref_1_Img3,ref_1_Img12,TRUE
ref_1_Img3,ref_1_Img13,FALSE
ref_1_Img3,ref_1_Img14,FALSE
ref_1_Img3,ref_1_Img15,TRUE
ref_1_Img3,ref_1_Img16,TRUE
ref_1_Img4,ref_1_Img5,TRUE
ref_1_Img4,ref_1_Img6,TRUE
ref_1_Img4,ref_1_Img7,TRUE
ref_1_Img4,ref_1_Img8,FALSE
ref_1_Img4,ref_1_Img9,TRUE
ref_1_Img4,ref_1_Img10,TRUE
ref_1_Img4,ref_1_Img11,TRUE
ref_1_Img4,ref_1_Img12,TRUE
ref_1_Img4,ref_1_Img13,TRUE
ref_1_Img4,ref_1_Img14,TRUE
ref_1_Img4,ref_1_Img15,TRUE
ref_1_Img4,ref_1_Img16,TRUE
ref_1_Img5,ref_1_Img6,TRUE
ref_1_Img5,ref_1_Img7,TRUE
ref_1_Img5,ref_1_Img8,FALSE
ref_1_Img5,ref_1_Img9,TRUE
ref_1_Img5,ref_1_Img10,TRUE
ref_1_Img5,ref_1_Img11,TRUE
ref_1_Img5,ref_1_Img12,TRUE
ref_1_Img5,ref_1_Img13,TRUE
ref_1_Img5,ref_1_Img14,TRUE
ref_1_Img5,ref_1_Img15,TRUE
ref_1_Img5,ref_1_Img16,FALSE
ref_1_Img6,ref_1_Img7,TRUE
ref_1_Img6,ref_1_Img8,FALSE
ref_1_Img6,ref_1_Img9,TRUE
ref_1_Img6,ref_1_Img10,TRUE
ref_1_Img6,ref_1_Img11,TRUE
ref_1_Img6,ref_1_Img12,TRUE
ref_1_Img6,ref_1_Img13,TRUE
ref_1_Img6,ref_1_Img14,TRUE
ref_1_Img6,ref_1_Img15,FALSE
ref_1_Img6,ref_1_Img16,TRUE
ref_1_Img7,ref_1_Img8,TRUE
ref_1_Img7,ref_1_Img9,TRUE
ref_1_Img7,ref_1_Img10,TRUE
ref_1_Img7,ref_1_Img11,FALSE
ref_1_Img7,ref_1_Img12,FALSE
ref_1_Img7,ref_1_Img13,TRUE
ref_1_Img7,ref_1_Img14,TRUE
ref_1_Img7,ref_1_Img15,TRUE
ref_1_Img7,ref_1_Img16,TRUE
ref_1_Img8,ref_1_Img9,TRUE
ref_1_Img8,ref_1_Img10,FALSE
ref_1_Img8,ref_1_Img11,TRUE
ref_1_Img8,ref_1_Img12,FALSE
ref_1_Img8,ref_1_Img13,TRUE
ref_1_Img8,ref_1_Img14,TRUE
ref_1_Img8,ref_1_Img15,TRUE
ref_1_Img8,ref_1_Img16,TRUE
ref_1_Img9,ref_1_Img10,TRUE
ref_1_Img9,ref_1_Img11,FALSE
ref_1_Img9,ref_1_Img12,TRUE
ref_1_Img9,ref_1_Img13,TRUE
ref_1_Img9,ref_1_Img14,TRUE
ref_1_Img9,ref_1_Img15,TRUE
ref_1_Img9,ref_1_Img16,TRUE
ref_1_Img10,ref_1_Img11,TRUE
ref_1_Img10,ref_1_Img12,FALSE
ref_1_Img10,ref_1_Img13,TRUE
ref_1_Img10,ref_1_Img14,TRUE
ref_1_Img10,ref_1_Img15,TRUE
ref_1_Img10,ref_1_Img16,TRUE
ref_1_Img11,ref_1_Img12,TRUE
ref_1_Img11,ref_1_Img13,TRUE
ref_1_Img11,ref_1_Img14,TRUE
ref_1_Img11,ref_1_Img15,TRUE
ref_1_Img11,ref_1_Img16,TRUE
ref_1_Img12,ref_1_Img13,TRUE
ref_1_Img12,ref_1_Img14,TRUE
ref_1_Img12,ref_1_Img15,TRUE
ref_1_Img12,ref_1_Img16,FALSE
ref_1_Img13,ref_1_Img14,TRUE
ref_1_Img13,ref_1_Img15,TRUE
ref_1_Img13,ref_1_Img16,FALSE
ref_1_Img14,ref_1_Img15,TRUE
ref_1_Img14,ref_1_Img16,TRUE
ref_1_Img15,ref_1_Img16,TRUE
ref_2_Img1,ref_2_Img2,TRUE
ref_2_Img1,ref_2_Img3,TRUE
ref_2_Img1,ref_2_Img4,TRUE
ref_2_Img1,ref_2_Img5,FALSE
ref_2_Img1,ref_2_Img6,TRUE
ref_2_Img1,ref_2_Img7,TRUE
ref_2_Img1,ref_2_Img8,TRUE
ref_2_Img1,ref_2_Img9,TRUE
ref_2_Img1,ref_2_Img10,FALSE
ref_2_Img1,ref_2_Img11,FALSE
ref_2_Img1,ref_2_Img12,TRUE
ref_2_Img1,ref_2_Img13,FALSE
ref_2_Img1,ref_2_Img14,TRUE
ref_2_Img1,ref_2_Img15,TRUE
ref_2_Img1,ref_2_Img16,TRUE
ref_2_Img2,ref_2_Img3,TRUE
ref_2_Img2,ref_2_Img4,TRUE
ref_2_Img2,ref_2_Img5,TRUE
ref_2_Img2,ref_2_Img6,TRUE
ref_2_Img2,ref_2_Img7,FALSE
ref_2_Img2,ref_2_Img8,TRUE
ref_2_Img2,ref_2_Img9,TRUE
ref_2_Img2,ref_2_Img10,TRUE
ref_2_Img2,ref_2_Img11,TRUE
ref_2_Img2,ref_2_Img12,TRUE
ref_2_Img2,ref_2_Img13,TRUE
ref_2_Img2,ref_2_Img14,TRUE
ref_2_Img2,ref_2_Img15,TRUE
ref_2_Img2,ref_2_Img16,TRUE
ref_2_Img3,ref_2_Img4,TRUE
ref_2_Img3,ref_2_Img5,TRUE
ref_2_Img3,ref_2_Img6,TRUE
ref_2_Img3,ref_2_Img7,FALSE
ref_2_Img3,ref_2_Img8,FALSE
ref_2_Img3,ref_2_Img9,TRUE
ref_2_Img3,ref_2_Img10,TRUE
ref_2_Img3,ref_2_Img11,TRUE
ref_2_Img3,ref_2_Img12,TRUE
ref_2_Img3,ref_2_Img13,TRUE
ref_2_Img3,ref_2_Img14,TRUE
ref_2_Img3,ref_2_Img15,TRUE
ref_2_Img3,ref_2_Img16,TRUE
ref_2_Img4,ref_2_Img5,TRUE
ref_2_Img4,ref_2_Img6,TRUE
ref_2_Img4,ref_2_Img7,TRUE
ref_2_Img4,ref_2_Img8,TRUE
ref_2_Img4,ref_2_Img9,TRUE
ref_2_Img4,ref_2_Img10,FALSE
ref_2_Img4,ref_2_Img11,TRUE
ref_2_Img4,ref_2_Img12,TRUE
ref_2_Img4,ref_2_Img13,TRUE
ref_2_Img4,ref_2_Img14,TRUE
ref_2_Img4,ref_2_Img15,TRUE
ref_2_Img4,ref_2_Img16,TRUE
ref_2_Img5,ref_2_Img6,TRUE
ref_2_Img5,ref_2_Img7,FALSE
ref_2_Img5,ref_2_Img8,TRUE
ref_2_Img5,ref_2_Img9,TRUE
ref_2_Img5,ref_2_Img10,TRUE
ref_2_Img5,ref_2_Img11,TRUE
ref_2_Img5,ref_2_Img12,TRUE
ref_2_Img5,ref_2_Img13,TRUE
ref_2_Img5,ref_2_Img14,TRUE
ref_2_Img5,ref_2_Img15,TRUE
ref_2_Img5,ref_2_Img16,TRUE
ref_2_Img6,ref_2_Img7,TRUE
ref_2_Img6,ref_2_Img8,TRUE
ref_2_Img6,ref_2_Img9,TRUE
ref_2_Img6,ref_2_Img10,TRUE
ref_2_Img6,ref_2_Img11,FALSE
ref_2_Img6,ref_2_Img12,TRUE
ref_2_Img6,ref_2_Img13,TRUE
ref_2_Img6,ref_2_Img14,TRUE
ref_2_Img6,ref_2_Img15,TRUE
ref_2_Img6,ref_2_Img16,TRUE
ref_2_Img7,ref_2_Img8,FALSE
ref_2_Img7,ref_2_Img9,TRUE
ref_2_Img7,ref_2_Img10,TRUE
ref_2_Img7,ref_2_Img11,TRUE
ref_2_Img7,ref_2_Img12,TRUE
ref_2_Img7,ref_2_Img13,TRUE
ref_2_Img7,ref_2_Img14,TRUE
ref_2_Img7,ref_2_Img15,TRUE
ref_2_Img7,ref_2_Img16,TRUE
ref_2_Img8,ref_2_Img9,TRUE
ref_2_Img8,ref_2_Img10,TRUE
ref_2_Img8,ref_2_Img11,TRUE
ref_2_Img8,ref_2_Img12,TRUE
ref_2_Img8,ref_2_Img13,TRUE
ref_2_Img8,ref_2_Img14,TRUE
ref_2_Img8,ref_2_Img15,FALSE
ref_2_Img8,ref_2_Img16,TRUE
ref_2_Img9,ref_2_Img10,TRUE
ref_2_Img9,ref_2_Img11,TRUE
ref_2_Img9,ref_2_Img12,TRUE
ref_2_Img9,ref_2_Img13,TRUE
ref_2_Img9,ref_2_Img14,TRUE
ref_2_Img9,ref_2_Img15,FALSE
ref_2_Img9,ref_2_Img16,TRUE
ref_2_Img10,ref_2_Img11,TRUE
ref_2_Img10,ref_2_Img12,TRUE
ref_2_Img10,ref_2_Img13,TRUE
ref_2_Img10,ref_2_Img14,TRUE
ref_2_Img10,ref_2_Img15,TRUE
ref_2_Img10,ref_2_Img16,TRUE
ref_2_Img11,ref_2_Img12,TRUE
ref_2_Img11,ref_2_Img13,TRUE
ref_2_Img11,ref_2_Img14,FALSE
ref_2_Img11,ref_2_Img15,TRUE
ref_2_Img11,ref_2_Img16,TRUE
ref_2_Img12,ref_2_Img13,TRUE
ref_2_Img12,ref_2_Img14,FALSE
ref_2_Img12,ref_2_Img15,TRUE
ref_2_Img12,ref_2_Img16,TRUE
ref_2_Img13,ref_2_Img14,TRUE
ref_2_Img13,ref_2_Img15,TRUE
ref_2_Img13,ref_2_Img16,TRUE
ref_2_Img14,ref_2_Img15,TRUE
ref_2_Img14,ref_2_Img16,FALSE
ref_2_Img15,ref_2_Img16,TRUE
ref_3_Img1,ref_3_Img2,TRUE
ref_3_Img1,ref_3_Img3,TRUE
ref_3_Img1,ref_3_Img4,FALSE
ref_3_Img1,ref_3_Img5,TRUE
ref_3_Img1,ref_3_Img6,TRUE
ref_3_Img1,ref_3_Img7,TRUE
ref_3_Img1,ref_3_Img8,TRUE
ref_3_Img1,ref_3_Img9,TRUE
ref_3_Img1,ref_3_Img10,TRUE
ref_3_Img1,ref_3_Img11,FALSE
ref_3_Img1,ref_3_Img12,TRUE
ref_3_Img1,ref_3_Img13,TRUE
ref_3_Img1,ref_3_Img14,TRUE
ref_3_Img1,ref_3_Img15,TRUE
ref_3_Img1,ref_3_Img16,TRUE
ref_3_Img2,ref_3_Img3,TRUE
ref_3_Img2,ref_3_Img4,FALSE
ref_3_Img2,ref_3_Img5,TRUE
ref_3_Img2,ref_3_Img6,TRUE
ref_3_Img2,ref_3_Img7,FALSE
ref_3_Img2,ref_3_Img8,TRUE
ref_3_Img2,ref_3_Img9,TRUE
ref_3_Img2,ref_3_Img10,TRUE
ref_3_Img2,ref_3_Img11,TRUE
ref_3_Img2,ref_3_Img12,TRUE
ref_3_Img2,ref_3_Img13,TRUE
ref_3_Img2,ref_3_Img14,TRUE
ref_3_Img2,ref_3_Img15,TRUE
ref_3_Img2,ref_3_Img16,TRUE
ref_3_Img3,ref_3_Img4,TRUE
ref_3_Img3,ref_3_Img5,TRUE
ref_3_Img3,ref_3_Img6,TRUE
ref_3_Img3,ref_3_Img7,TRUE
ref_3_Img3,ref_3_Img8,TRUE
ref_3_Img3,ref_3_Img9,TRUE
ref_3_Img3,ref_3_Img10,TRUE
ref_3_Img3,ref_3_Img11,TRUE
ref_3_Img3,ref_3_Img12,TRUE
ref_3_Img3,ref_3_Img13,FALSE
ref_3_Img3,ref_3_Img14,TRUE
ref_3_Img3,ref_3_Img15,FALSE
ref_3_Img3,ref_3_Img16,TRUE
ref_3_Img4,ref_3_Img5,TRUE
ref_3_Img4,ref_3_Img6,TRUE
ref_3_Img4,ref_3_Img7,TRUE
ref_3_Img4,ref_3_Img8,TRUE
ref_3_Img4,ref_3_Img9,TRUE
ref_3_Img4,ref_3_Img10,TRUE
ref_3_Img4,ref_3_Img11,TRUE
ref_3_Img4,ref_3_Img12,TRUE
ref_3_Img4,ref_3_Img13,TRUE
ref_3_Img4,ref_3_Img14,FALSE
ref_3_Img4,ref_3_Img15,TRUE
ref_3_Img4,ref_3_Img16,TRUE
ref_3_Img5,ref_3_Img6,TRUE
ref_3_Img5,ref_3_Img7,TRUE
ref_3_Img5,ref_3_Img8,FALSE
ref_3_Img5,ref_3_Img9,TRUE
ref_3_Img5,ref_3_Img10,FALSE
ref_3_Img5,ref_3_Img11,FALSE
ref_3_Img5,ref_3_Img12,TRUE
ref_3_Img5,ref_3_Img13,TRUE
ref_3_Img5,ref_3_Img14,TRUE
ref_3_Img5,ref_3_Img15,TRUE
ref_3_Img5,ref_3_Img16,TRUE
ref_3_Img6,ref_3_Img7,TRUE
ref_3_Img6,ref_3_Img8,TRUE
ref_3_Img6,ref_3_Img9,TRUE
ref_3_Img6,ref_3_Img10,TRUE
ref_3_Img6,ref_3_Img11,TRUE
ref_3_Img6,ref_3_Img12,TRUE
ref_3_Img6,ref_3_Img13,TRUE
ref_3_Img6,ref_3_Img14,TRUE
ref_3_Img6,ref_3_Img15,FALSE
ref_3_Img6,ref_3_Img16,TRUE
ref_3_Img7,ref_3_Img8,TRUE
ref_3_Img7,ref_3_Img9,TRUE
ref_3_Img7,ref_3_Img10,TRUE
ref_3_Img7,ref_3_Img11,FALSE
ref_3_Img7,ref_3_Img12,TRUE
ref_3_Img7,ref_3_Img13,TRUE
ref_3_Img7,ref_3_Img14,TRUE
ref_3_Img7,ref_3_Img15,TRUE
ref_3_Img7,ref_3_Img16,TRUE
ref_3_Img8,ref_3_Img9,TRUE
ref_3_Img8,ref_3_Img10,TRUE
ref_3_Img8,ref_3_Img11,FALSE
ref_3_Img8,ref_3_Img12,TRUE
ref_3_Img8,ref_3_Img13,TRUE
ref_3_Img8,ref_3_Img14,TRUE
ref_3_Img8,ref_3_Img15,TRUE
ref_3_Img8,ref_3_Img16,TRUE
ref_3_Img9,ref_3_Img10,TRUE
ref_3_Img9,ref_3_Img11,TRUE
ref_3_Img9,ref_3_Img12,TRUE
ref_3_Img9,ref_3_Img13,TRUE
ref_3_Img9,ref_3_Img14,TRUE
ref_3_Img9,ref_3_Img15,FALSE
ref_3_Img9,ref_3_Img16,TRUE
ref_3_Img10,ref_3_Img11,TRUE
ref_3_Img10,ref_3_Img12,TRUE
ref_3_Img10,ref_3_Img13,TRUE
ref_3_Img10,ref_3_Img14,TRUE
ref_3_Img10,ref_3_Img15,TRUE
ref_3_Img10,ref_3_Img16,FALSE
ref_3_Img11,ref_3_Img12,TRUE
ref_3_Img11,ref_3_Img13,TRUE
ref_3_Img11,ref_3_Img14,TRUE
ref_3_Img11,ref_3_Img15,FALSE
ref_3_Img11,ref_3_Img16,TRUE
ref_3_Img12,ref_3_Img13,FALSE
ref_3_Img12,ref_3_Img14,TRUE
ref_3_Img12,ref_3_Img15,TRUE
ref_3_Img12,ref_3_Img16,TRUE
ref_3_Img13,ref_3_Img14,TRUE
ref_3_Img13,ref_3_Img15,TRUE
ref_3_Img13,ref_3_Img16,TRUE
ref_3_Img14,ref_3_Img15,FALSE
ref_3_Img14,ref_3_Img16,FALSE
ref_3_Img15,ref_3_Img16,TRUE
ref_4_Img1,ref_4_Img2,TRUE
ref_4_Img1,ref_4_Img3,FALSE
ref_4_Img1,ref_4_Img4,TRUE
ref_4_Img1,ref_4_Img5,TRUE
ref_4_Img1,ref_4_Img6,TRUE
ref_4_Img1,ref_4_Img7,FALSE
ref_4_Img1,ref_4_Img8,TRUE
ref_4_Img1,ref_4_Img9,TRUE
ref_4_Img1,ref_4_Img10,TRUE
ref_4_Img1,ref_4_Img11,TRUE
ref_4_Img1,ref_4_Img12,TRUE
ref_4_Img1,ref_4_Img13,FALSE
ref_4_Img1,ref_4_Img14,TRUE
ref_4_Img1,ref_4_Img15,TRUE
ref_4_Img1,ref_4_Img16,TRUE
ref_4_Img2,ref_4_Img3,TRUE
ref_4_Img2,ref_4_Img4,TRUE
ref_4_Img2,ref_4_Img5,FALSE
ref_4_Img2,ref_4_Img6,FALSE
ref_4_Img2,ref_4_Img7,TRUE
ref_4_Img2,ref_4_Img8,TRUE
ref_4_Img2,ref_4_Img9,TRUE
ref_4_Img2,ref_4_Img10,TRUE
ref_4_Img2,ref_4_Img11,TRUE
ref_4_Img2,ref_4_Img12,TRUE
ref_4_Img2,ref_4_Img13,TRUE
ref_4_Img2,ref_4_Img14,TRUE
ref_4_Img2,ref_4_Img15,TRUE
ref_4_Img2,ref_4_Img16,TRUE
ref_4_Img3,ref_4_Img4,TRUE
ref_4_Img3,ref_4_Img5,FALSE
ref_4_Img3,ref_4_Img6,TRUE
ref_4_Img3,ref_4_Img7,TRUE
ref_4_Img3,ref_4_Img8,TRUE
ref_4_Img3,ref_4_Img9,TRUE
ref_4_Img3,ref_4_Img10,TRUE
ref_4_Img3,ref_4_Img11,TRUE
ref_4_Img3,ref_4_Img12,TRUE
ref_4_Img3,ref_4_Img13,TRUE
ref_4_Img3,ref_4_Img14,TRUE
ref_4_Img3,ref_4_Img15,FALSE
ref_4_Img3,ref_4_Img16,TRUE
ref_4_Img4,ref_4_Img5,TRUE
ref_4_Img4,ref_4_Img6,TRUE
ref_4_Img4,ref_4_Img7,TRUE
ref_4_Img4,ref_4_Img8,TRUE
ref_4_Img4,ref_4_Img9,TRUE
ref_4_Img4,ref_4_Img10,TRUE
ref_4_Img4,ref_4_Img11,TRUE
ref_4_Img4,ref_4_Img12,TRUE
ref_4_Img4,ref_4_Img13,TRUE
ref_4_Img4,ref_4_Img14,FALSE
ref_4_Img4,ref_4_Img15,TRUE
ref_4_Img4,ref_4_Img16,TRUE
ref_4_Img5,ref_4_Img6,TRUE
ref_4_Img5,ref_4_Img7,FALSE
ref_4_Img5,ref_4_Img8,TRUE
ref_4_Img5,ref_4_Img9,FALSE
ref_4_Img5,ref_4_Img10,TRUE
ref_4_Img5,ref_4_Img11,TRUE
ref_4_Img5,ref_4_Img12,TRUE
ref_4_Img5,ref_4_Img13,TRUE
ref_4_Img5,ref_4_Img14,TRUE
ref_4_Img5,ref_4_Img15,TRUE
ref_4_Img5,ref_4_Img16,FALSE
ref_4_Img6,ref_4_Img7,TRUE
ref_4_Img6,ref_4_Img8,TRUE
ref_4_Img6,ref_4_Img9,TRUE
ref_4_Img6,ref_4_Img10,TRUE
ref_4_Img6,ref_4_Img11,TRUE
ref_4_Img6,ref_4_Img12,TRUE
ref_4_Img6,ref_4_Img13,TRUE
ref_4_Img6,ref_4_Img14,TRUE
ref_4_Img6,ref_4_Img15,TRUE
ref_4_Img6,ref_4_Img16,TRUE
ref_4_Img7,ref_4_Img8,TRUE
ref_4_Img7,ref_4_Img9,TRUE
ref_4_Img7,ref_4_Img10,TRUE
ref_4_Img7,ref_4_Img11,TRUE
ref_4_Img7,ref_4_Img12,TRUE
ref_4_Img7,ref_4_Img13,TRUE
ref_4_Img7,ref_4_Img14,TRUE
ref_4_Img7,ref_4_Img15,TRUE
ref_4_Img7,ref_4_Img16,TRUE
ref_4_Img8,ref_4_Img9,TRUE
ref_4_Img8,ref_4_Img10,TRUE
ref_4_Img8,ref_4_Img11,TRUE
ref_4_Img8,ref_4_Img12,TRUE
ref_4_Img8,ref_4_Img13,TRUE
ref_4_Img8,ref_4_Img14,TRUE
ref_4_Img8,ref_4_Img15,FALSE
ref_4_Img8,ref_4_Img16,TRUE
ref_4_Img9,ref_4_Img10,TRUE
ref_4_Img9,ref_4_Img11,TRUE
ref_4_Img9,ref_4_Img12,TRUE
ref_4_Img9,ref_4_Img13,TRUE
ref_4_Img9,ref_4_Img14,TRUE
ref_4_Img9,ref_4_Img15,TRUE
ref_4_Img9,ref_4_Img16,TRUE
ref_4_Img10,ref_4_Img11,TRUE
ref_4_Img10,ref_4_Img12,TRUE
ref_4_Img10,ref_4_Img13,TRUE
ref_4_Img10,ref_4_Img14,TRUE
ref_4_Img10,ref_4_Img15,TRUE
ref_4_Img10,ref_4_Img16,TRUE
ref_4_Img11,ref_4_Img12,FALSE
ref_4_Img11,ref_4_Img13,TRUE
ref_4_Img11,ref_4_Img14,TRUE
ref_4_Img11,ref_4_Img15,TRUE
ref_4_Img11,ref_4_Img16,TRUE
ref_4_Img12,ref_4_Img13,FALSE
ref_4_Img12,ref_4_Img14,TRUE
ref_4_Img12,ref_4_Img15,TRUE
ref_4_Img12,ref_4_Img16,FALSE
ref_4_Img13,ref_4_Img14,TRUE
ref_4_Img13,ref_4_Img15,TRUE
ref_4_Img13,ref_4_Img16,TRUE
ref_4_Img14,ref_4_Img15,FALSE
ref_4_Img14,ref_4_Img16,TRUE
ref_4_Img15,ref_4_Img16,TRUE
ref_5_Img1,ref_5_Img2,TRUE
ref_5_Img1,ref_5_Img3,TRUE
ref_5_Img1,ref_5_Img4,TRUE
ref_5_Img1,ref_5_Img5,TRUE
ref_5_Img1,ref_5_Img6,FALSE
ref_5_Img1,ref_5_Img7,TRUE
ref_5_Img1,ref_5_Img8,TRUE
ref_5_Img1,ref_5_Img9,FALSE
ref_5_Img1,ref_5_Img10,FALSE
ref_5_Img1,ref_5_Img11,FALSE
ref_5_Img1,ref_5_Img12,TRUE
ref_5_Img1,ref_5_Img13,TRUE
ref_5_Img1,ref_5_Img14,TRUE
ref_5_Img1,ref_5_Img15,TRUE
ref_5_Img1,ref_5_Img16,FALSE
ref_5_Img2,ref_5_Img3,TRUE
ref_5_Img2,ref_5_Img4,TRUE
ref_5_Img2,ref_5_Img5,TRUE
ref_5_Img2,ref_5_Img6,TRUE
ref_5_Img2,ref_5_Img7,FALSE
ref_5_Img2,ref_5_Img8,TRUE
ref_5_Img2,ref_5_Img9,TRUE
ref_5_Img2,ref_5_Img10,FALSE
ref_5_Img2,ref_5_Img11,TRUE
ref_5_Img2,ref_5_Img12,TRUE
ref_5_Img2,ref_5_Img13,TRUE
ref_5_Img2,ref_5_Img14,TRUE
ref_5_Img2,ref_5_Img15,TRUE
ref_5_Img2,ref_5_Img16,TRUE
ref_5_Img3,ref_5_Img4,FALSE
ref_5_Img3,ref_5_Img5,TRUE
ref_5_Img3,ref_5_Img6,TRUE
ref_5_Img3,ref_5_Img7,FALSE
ref_5_Img3,ref_5_Img8,TRUE
ref_5_Img3,ref_5_Img9,TRUE
ref_5_Img3,ref_5_Img10,TRUE
ref_5_Img3,ref_5_Img11,TRUE
ref_5_Img3,ref_5_Img12,TRUE
ref_5_Img3,ref_5_Img13,TRUE
ref_5_Img3,ref_5_Img14,TRUE
ref_5_Img3,ref_5_Img15,FALSE
ref_5_Img3,ref_5_Img16,TRUE
ref_5_Img4,ref_5_Img5,TRUE
ref_5_Img4,ref_5_Img6,TRUE
ref_5_Img4,ref_5_Img7,TRUE
ref_5_Img4,ref_5_Img8,TRUE
ref_5_Img4,ref_5_Img9,FALSE
ref_5_Img4,ref_5_Img10,TRUE
ref_5_Img4,ref_5_Img11,TRUE
ref_5_Img4,ref_5_Img12,FALSE
ref_5_Img4,ref_5_Img13,TRUE
ref_5_Img4,ref_5_Img14,TRUE
ref_5_Img4,ref_5_Img15,TRUE
ref_5_Img4,ref_5_Img16,FALSE
ref_5_Img5,ref_5_Img6,TRUE
ref_5_Img5,ref_5_Img7,FALSE
ref_5_Img5,ref_5_Img8,TRUE
ref_5_Img5,ref_5_Img9,TRUE
ref_5_Img5,ref_5_Img10,TRUE
ref_5_Img5,ref_5_Img11,TRUE
ref_5_Img5,ref_5_Img12,TRUE
ref_5_Img5,ref_5_Img13,TRUE
ref_5_Img5,ref_5_Img14,TRUE
ref_5_Img5,ref_5_Img15,TRUE
ref_5_Img5,ref_5_Img16,TRUE
ref_5_Img6,ref_5_Img7,TRUE
ref_5_Img6,ref_5_Img8,TRUE
ref_5_Img6,ref_5_Img9,TRUE
ref_5_Img6,ref_5_Img10,TRUE
ref_5_Img6,ref_5_Img11,TRUE
ref_5_Img6,ref_5_Img12,TRUE
ref_5_Img6,ref_5_Img13,TRUE
ref_5_Img6,ref_5_Img14,TRUE
ref_5_Img6,ref_5_Img15,TRUE
ref_5_Img6,ref_5_Img16,TRUE
ref_5_Img7,ref_5_Img8,FALSE
ref_5_Img7,ref_5_Img9,TRUE
ref_5_Img7,ref_5_Img10,TRUE
ref_5_Img7,ref_5_Img11,TRUE
ref_5_Img7,ref_5_Img12,TRUE
ref_5_Img7,ref_5_Img13,FALSE
ref_5_Img7,ref_5_Img14,TRUE
ref_5_Img7,ref_5_Img15,TRUE
ref_5_Img7,ref_5_Img16,TRUE
ref_5_Img8,ref_5_Img9,TRUE
ref_5_Img8,ref_5_Img10,FALSE
ref_5_Img8,ref_5_Img11,TRUE
ref_5_Img8,ref_5_Img12,FALSE
ref_5_Img8,ref_5_Img13,TRUE
ref_5_Img8,ref_5_Img14,TRUE
ref_5_Img8,ref_5_Img15,TRUE
ref_5_Img8,ref_5_Img16,TRUE
ref_5_Img9,ref_5_Img10,TRUE
ref_5_Img9,ref_5_Img11,TRUE
ref_5_Img9,ref_5_Img12,TRUE
ref_5_Img9,ref_5_Img13,TRUE
ref_5_Img9,ref_5_Img14,FALSE
ref_5_Img9,ref_5_Img15,TRUE
ref_5_Img9,ref_5_Img16,TRUE
ref_5_Img10,ref_5_Img11,TRUE
ref_5_Img10,ref_5_Img12,TRUE
ref_5_Img10,ref_5_Img13,TRUE
ref_5_Img10,ref_5_Img14,TRUE
ref_5_Img10,ref_5_Img15,TRUE
ref_5_Img10,ref_5_Img16,FALSE
ref_5_Img11,ref_5_Img12,TRUE
ref_5_Img11,ref_5_Img13,FALSE
ref_5_Img11,ref_5_Img14,TRUE
ref_5_Img11,ref_5_Img15,TRUE
ref_5_Img11,ref_5_Img16,TRUE
ref_5_Img12,ref_5_Img13,TRUE
ref_5_Img12,ref_5_Img14,FALSE
ref_5_Img12,ref_5_Img15,FALSE
ref_5_Img12,ref_5_Img16,TRUE
ref_5_Img13,ref_5_Img14,TRUE
ref_5_Img13,ref_5_Img15,TRUE
ref_5_Img13,ref_5_Img16,TRUE
ref_5_Img14,ref_5_Img15,TRUE
ref_5_Img14,ref_5_Img16,FALSE
ref_5_Img15,ref_5_Img16,FALSE
ref_6_Img1,ref_6_Img2,FALSE
ref_6_Img1,ref_6_Img3,TRUE
ref_6_Img1,ref_6_Img4,TRUE
ref_6_Img1,ref_6_Img5,FALSE
ref_6_Img1,ref_6_Img6,TRUE
ref_6_Img1,ref_6_Img7,TRUE
ref_6_Img1,ref_6_Img8,TRUE
ref_6_Img1,ref_6_Img9,FALSE
ref_6_Img1,ref_6_Img10,TRUE
ref_6_Img1,ref_6_Img11,TRUE
ref_6_Img1,ref_6_Img12,FALSE
ref_6_Img1,ref_6_Img13,FALSE
ref_6_Img1,ref_6_Img14,TRUE
ref_6_Img1,ref_6_Img15,TRUE
ref_6_Img1,ref_6_Img16,FALSE
ref_6_Img2,ref_6_Img3,FALSE
ref_6_Img2,ref_6_Img4,TRUE
ref_6_Img2,ref_6_Img5,TRUE
ref_6_Img2,ref_6_Img6,TRUE
ref_6_Img2,ref_6_Img7,FALSE
ref_6_Img2,ref_6_Img8,TRUE
ref_6_Img2,ref_6_Img9,TRUE
ref_6_Img2,ref_6_Img10,TRUE
ref_6_Img2,ref_6_Img11,TRUE
ref_6_Img2,ref_6_Img12,TRUE
ref_6_Img2,ref_6_Img13,TRUE
ref_6_Img2,ref_6_Img14,TRUE
ref_6_Img2,ref_6_Img15,FALSE
ref_6_Img2,ref_6_Img16,TRUE
ref_6_Img3,ref_6_Img4,TRUE
ref_6_Img3,ref_6_Img5,TRUE
ref_6_Img3,ref_6_Img6,TRUE
ref_6_Img3,ref_6_Img7,TRUE
ref_6_Img3,ref_6_Img8,FALSE
ref_6_Img3,ref_6_Img9,TRUE
ref_6_Img3,ref_6_Img10,TRUE
ref_6_Img3,ref_6_Img11,TRUE
ref_6_Img3,ref_6_Img12,TRUE
ref_6_Img3,ref_6_Img13,TRUE
ref_6_Img3,ref_6_Img14,TRUE
ref_6_Img3,ref_6_Img15,TRUE
ref_6_Img3,ref_6_Img16,TRUE
ref_6_Img4,ref_6_Img5,TRUE
ref_6_Img4,ref_6_Img6,TRUE
ref_6_Img4,ref_6_Img7,TRUE
ref_6_Img4,ref_6_Img8,TRUE
ref_6_Img4,ref_6_Img9,TRUE
ref_6_Img4,ref_6_Img10,TRUE
ref_6_Img4,ref_6_Img11,TRUE
ref_6_Img4,ref_6_Img12,TRUE
ref_6_Img4,ref_6_Img13,TRUE
ref_6_Img4,ref_6_Img14,TRUE
ref_6_Img4,ref_6_Img15,TRUE
ref_6_Img4,ref_6_Img16,TRUE
ref_6_Img5,ref_6_Img6,FALSE
ref_6_Img5,ref_6_Img7,TRUE
ref_6_Img5,ref_6_Img8,TRUE
ref_6_Img5,ref_6_Img9,TRUE
ref_6_Img5,ref_6_Img10,TRUE
ref_6_Img5,ref_6_Img11,TRUE
ref_6_Img5,ref_6_Img12,TRUE
ref_6_Img5,ref_6_Img13,TRUE
ref_6_Img5,ref_6_Img14,FALSE
ref_6_Img5,ref_6_Img15,TRUE
ref_6_Img5,ref_6_Img16,TRUE
ref_6_Img6,ref_6_Img7,TRUE
ref_6_Img6,ref_6_Img8,TRUE
ref_6_Img6,ref_6_Img9,TRUE
ref_6_Img6,ref_6_Img10,FALSE
ref_6_Img6,ref_6_Img11,TRUE
ref_6_Img6,ref_6_Img12,TRUE
ref_6_Img6,ref_6_Img13,TRUE
ref_6_Img6,ref_6_Img14,TRUE
ref_6_Img6,ref_6_Img15,TRUE
ref_6_Img6,ref_6_Img16,TRUE
ref_6_Img7,ref_6_Img8,TRUE
ref_6_Img7,ref_6_Img9,TRUE
ref_6_Img7,ref_6_Img10,TRUE
ref_6_Img7,ref_6_Img11,TRUE
ref_6_Img7,ref_6_Img12,TRUE
ref_6_Img7,ref_6_Img13,TRUE
ref_6_Img7,ref_6_Img14,FALSE
ref_6_Img7,ref_6_Img15,TRUE
ref_6_Img7,ref_6_Img16,TRUE
ref_6_Img8,ref_6_Img9,FALSE
ref_6_Img8,ref_6_Img10,TRUE
ref_6_Img8,ref_6_Img11,TRUE
ref_6_Img8,ref_6_Img12,TRUE
ref_6_Img8,ref_6_Img13,TRUE
ref_6_Img8,ref_6_Img14,TRUE
ref_6_Img8,ref_6_Img15,TRUE
ref_6_Img8,ref_6_Img16,TRUE
ref_6_Img9,ref_6_Img10,TRUE
ref_6_Img9,ref_6_Img11,TRUE
ref_6_Img9,ref_6_Img12,TRUE
ref_6_Img9,ref_6_Img13,TRUE
ref_6_Img9,ref_6_Img14,TRUE
ref_6_Img9,ref_6_Img15,TRUE
ref_6_Img9,ref_6_Img16,TRUE
ref_6_Img10,ref_6_Img11,FALSE
ref_6_Img10,ref_6_Img12,FALSE
ref_6_Img10,ref_6_Img13,TRUE
ref_6_Img10,ref_6_Img14,TRUE
ref_6_Img10,ref_6_Img15,TRUE
ref_6_Img10,ref_6_Img16,FALSE
ref_6_Img11,ref_6_Img12,TRUE
ref_6_Img11,ref_6_Img13,TRUE
ref_6_Img11,ref_6_Img14,FALSE
ref_6_Img11,ref_6_Img15,TRUE
ref_6_Img11,ref_6_Img16,TRUE
ref_6_Img12,ref_6_Img13,TRUE
ref_6_Img12,ref_6_Img14,TRUE
ref_6_Img12,ref_6_Img15,TRUE
ref_6_Img12,ref_6_Img16,TRUE
ref_6_Img13,ref_6_Img14,TRUE
ref_6_Img13,ref_6_Img15,TRUE
ref_6_Img13,ref_6_Img16,TRUE
ref_6_Img14,ref_6_Img15,TRUE
ref_6_Img14,ref_6_Img16,TRUE
ref_6_Img15,ref_6_Img16,TRUE
ref_7_Img1,ref_7_Img2,TRUE
ref_7_Img1,ref_7_Img3,TRUE
ref_7_Img1,ref_7_Img4,FALSE
ref_7_Img1,ref_7_Img5,TRUE
ref_7_Img1,ref_7_Img6,TRUE
ref_7_Img1,ref_7_Img7,FALSE
ref_7_Img1,ref_7_Img8,FALSE
ref_7_Img1,ref_7_Img9,TRUE
ref_7_Img1,ref_7_Img10,FALSE
ref_7_Img1,ref_7_Img11,FALSE
ref_7_Img1,ref_7_Img12,FALSE
ref_7_Img1,ref_7_Img13,TRUE
ref_7_Img1,ref_7_Img14,TRUE
ref_7_Img1,ref_7_Img15,TRUE
ref_7_Img1,ref_7_Img16,FALSE
ref_7_Img2,ref_7_Img3,TRUE
ref_7_Img2,ref_7_Img4,FALSE
ref_7_Img2,ref_7_Img5,TRUE
ref_7_Img2,ref_7_Img6,TRUE
ref_7_Img2,ref_7_Img7,TRUE
ref_7_Img2,ref_7_Img8,TRUE
ref_7_Img2,ref_7_Img9,TRUE
ref_7_Img2,ref_7_Img10,TRUE
ref_7_Img2,ref_7_Img11,TRUE
ref_7_Img2,ref_7_Img12,FALSE
ref_7_Img2,ref_7_Img13,TRUE
ref_7_Img2,ref_7_Img14,FALSE
ref_7_Img2,ref_7_Img15,FALSE
ref_7_Img2,ref_7_Img16,TRUE
ref_7_Img3,ref_7_Img4,TRUE
ref_7_Img3,ref_7_Img5,TRUE
ref_7_Img3,ref_7_Img6,TRUE
ref_7_Img3,ref_7_Img7,FALSE
ref_7_Img3,ref_7_Img8,TRUE
ref_7_Img3,ref_7_Img9,TRUE
ref_7_Img3,ref_7_Img10,FALSE
ref_7_Img3,ref_7_Img11,TRUE
ref_7_Img3,ref_7_Img12,TRUE
ref_7_Img3,ref_7_Img13,TRUE
ref_7_Img3,ref_7_Img14,TRUE
ref_7_Img3,ref_7_Img15,TRUE
ref_7_Img3,ref_7_Img16,TRUE
ref_7_Img4,ref_7_Img5,TRUE
ref_7_Img4,ref_7_Img6,TRUE
ref_7_Img4,ref_7_Img7,TRUE
ref_7_Img4,ref_7_Img8,TRUE
ref_7_Img4,ref_7_Img9,TRUE
ref_7_Img4,ref_7_Img10,TRUE
ref_7_Img4,ref_7_Img11,TRUE
ref_7_Img4,ref_7_Img12,TRUE
ref_7_Img4,ref_7_Img13,TRUE
ref_7_Img4,ref_7_Img14,TRUE
ref_7_Img4,ref_7_Img15,TRUE
ref_7_Img4,ref_7_Img16,TRUE
ref_7_Img5,ref_7_Img6,TRUE
ref_7_Img5,ref_7_Img7,TRUE
ref_7_Img5,ref_7_Img8,TRUE
ref_7_Img5,ref_7_Img9,TRUE
ref_7_Img5,ref_7_Img10,TRUE
ref_7_Img5,ref_7_Img11,FALSE
ref_7_Img5,ref_7_Img12,FALSE
ref_7_Img5,ref_7_Img13,FALSE
ref_7_Img5,ref_7_Img14,TRUE
ref_7_Img5,ref_7_Img15,TRUE
ref_7_Img5,ref_7_Img16,TRUE
ref_7_Img6,ref_7_Img7,TRUE
ref_7_Img6,ref_7_Img8,TRUE
ref_7_Img6,ref_7_Img9,TRUE
ref_7_Img6,ref_7_Img10,TRUE
ref_7_Img6,ref_7_Img11,TRUE
ref_7_Img6,ref_7_Img12,TRUE
ref_7_Img6,ref_7_Img13,TRUE
ref_7_Img6,ref_7_Img14,TRUE
ref_7_Img6,ref_7_Img15,TRUE
ref_7_Img6,ref_7_Img16,TRUE
ref_7_Img7,ref_7_Img8,FALSE
ref_7_Img7,ref_7_Img9,TRUE
ref_7_Img7,ref_7_Img10,TRUE
ref_7_Img7,ref_7_Img11,TRUE
ref_7_Img7,ref_7_Img12,TRUE
ref_7_Img7,ref_7_Img13,TRUE
ref_7_Img7,ref_7_Img14,TRUE
ref_7_Img7,ref_7_Img15,FALSE
ref_7_Img7,ref_7_Img16,TRUE
ref_7_Img8,ref_7_Img9,TRUE
ref_7_Img8,ref_7_Img10,FALSE
ref_7_Img8,ref_7_Img11,TRUE
ref_7_Img8,ref_7_Img12,TRUE
ref_7_Img8,ref_7_Img13,TRUE
ref_7_Img8,ref_7_Img14,TRUE
ref_7_Img8,ref_7_Img15,TRUE
ref_7_Img8,ref_7_Img16,TRUE
ref_7_Img9,ref_7_Img10,FALSE
ref_7_Img9,ref_7_Img11,TRUE
ref_7_Img9,ref_7_Img12,TRUE
ref_7_Img9,ref_7_Img13,TRUE
ref_7_Img9,ref_7_Img14,TRUE
ref_7_Img9,ref_7_Img15,TRUE
ref_7_Img9,ref_7_Img16,TRUE
ref_7_Img10,ref_7_Img11,FALSE
ref_7_Img10,ref_7_Img12,TRUE
ref_7_Img10,ref_7_Img13,TRUE
ref_7_Img10,ref_7_Img14,TRUE
ref_7_Img10,ref_7_Img15,TRUE
ref_7_Img10,ref_7_Img16,FALSE
ref_7_Img11,ref_7_Img12,TRUE
ref_7_Img11,ref_7_Img13,TRUE
ref_7_Img11,ref_7_Img14,TRUE
ref_7_Img11,ref_7_Img15,TRUE
ref_7_Img11,ref_7_Img16,TRUE
ref_7_Img12,ref_7_Img13,TRUE
ref_7_Img12,ref_7_Img14,TRUE
ref_7_Img12,ref_7_Img15,TRUE
ref_7_Img12,ref_7_Img16,TRUE
ref_7_Img13,ref_7_Img14,TRUE
ref_7_Img13,ref_7_Img15,TRUE
ref_7_Img13,ref_7_Img16,FALSE
ref_7_Img14,ref_7_Img15,TRUE
ref_7_Img14,ref_7_Img16,TRUE
ref_7_Img15,ref_7_Img16,TRUE
ref_8_Img1,ref_8_Img2,FALSE
ref_8_Img1,ref_8_Img3,TRUE
ref_8_Img1,ref_8_Img4,TRUE
ref_8_Img1,ref_8_Img5,TRUE
ref_8_Img1,ref_8_Img6,TRUE
ref_8_Img1,ref_8_Img7,FALSE
ref_8_Img1,ref_8_Img8,TRUE
ref_8_Img1,ref_8_Img9,TRUE
ref_8_Img1,ref_8_Img10,FALSE
ref_8_Img1,ref_8_Img11,FALSE
ref_8_Img1,ref_8_Img12,FALSE
ref_8_Img1,ref_8_Img13,TRUE
ref_8_Img1,ref_8_Img14,TRUE
ref_8_Img1,ref_8_Img15,TRUE
ref_8_Img1,ref_8_Img16,FALSE
ref_8_Img2,ref_8_Img3,TRUE
ref_8_Img2,ref_8_Img4,FALSE
ref_8_Img2,ref_8_Img5,TRUE
ref_8_Img2,ref_8_Img6,TRUE
ref_8_Img2,ref_8_Img7,FALSE
ref_8_Img2,ref_8_Img8,TRUE
ref_8_Img2,ref_8_Img9,TRUE
ref_8_Img2,ref_8_Img10,TRUE
ref_8_Img2,ref_8_Img11,TRUE
ref_8_Img2,ref_8_Img12,TRUE
ref_8_Img2,ref_8_Img13,TRUE
ref_8_Img2,ref_8_Img14,TRUE
ref_8_Img2,ref_8_Img15,TRUE
ref_8_Img2,ref_8_Img16,TRUE
ref_8_Img3,ref_8_Img4,TRUE
ref_8_Img3,ref_8_Img5,FALSE
ref_8_Img3,ref_8_Img6,TRUE
ref_8_Img3,ref_8_Img7,TRUE
ref_8_Img3,ref_8_Img8,FALSE
ref_8_Img3,ref_8_Img9,TRUE
ref_8_Img3,ref_8_Img10,TRUE
ref_8_Img3,ref_8_Img11,TRUE
ref_8_Img3,ref_8_Img12,TRUE
ref_8_Img3,ref_8_Img13,TRUE
ref_8_Img3,ref_8_Img14,TRUE
ref_8_Img3,ref_8_Img15,TRUE
ref_8_Img3,ref_8_Img16,FALSE
ref_8_Img4,ref_8_Img5,FALSE
ref_8_Img4,ref_8_Img6,TRUE
ref_8_Img4,ref_8_Img7,TRUE
ref_8_Img4,ref_8_Img8,TRUE
ref_8_Img4,ref_8_Img9,TRUE
ref_8_Img4,ref_8_Img10,TRUE
ref_8_Img4,ref_8_Img11,TRUE
ref_8_Img4,ref_8_Img12,TRUE
ref_8_Img4,ref_8_Img13,TRUE
ref_8_Img4,ref_8_Img14,TRUE
ref_8_Img4,ref_8_Img15,FALSE
ref_8_Img4,ref_8_Img16,TRUE
ref_8_Img5,ref_8_Img6,TRUE
ref_8_Img5,ref_8_Img7,FALSE
ref_8_Img5,ref_8_Img8,TRUE
ref_8_Img5,ref_8_Img9,TRUE
ref_8_Img5,ref_8_Img10,TRUE
ref_8_Img5,ref_8_Img11,FALSE
ref_8_Img5,ref_8_Img12,TRUE
ref_8_Img5,ref_8_Img13,TRUE
ref_8_Img5,ref_8_Img14,TRUE
ref_8_Img5,ref_8_Img15,TRUE
ref_8_Img5,ref_8_Img16,TRUE
ref_8_Img6,ref_8_Img7,TRUE
ref_8_Img6,ref_8_Img8,TRUE
ref_8_Img6,ref_8_Img9,TRUE
ref_8_Img6,ref_8_Img10,TRUE
ref_8_Img6,ref_8_Img11,FALSE
ref_8_Img6,ref_8_Img12,TRUE
ref_8_Img6,ref_8_Img13,TRUE
ref_8_Img6,ref_8_Img14,TRUE
ref_8_Img6,ref_8_Img15,TRUE
ref_8_Img6,ref_8_Img16,TRUE
ref_8_Img7,ref_8_Img8,TRUE
ref_8_Img7,ref_8_Img9,FALSE
ref_8_Img7,ref_8_Img10,TRUE
ref_8_Img7,ref_8_Img11,TRUE
ref_8_Img7,ref_8_Img12,TRUE
ref_8_Img7,ref_8_Img13,TRUE
ref_8_Img7,ref_8_Img14,TRUE
ref_8_Img7,ref_8_Img15,TRUE
ref_8_Img7,ref_8_Img16,TRUE
ref_8_Img8,ref_8_Img9,TRUE
ref_8_Img8,ref_8_Img10,TRUE
ref_8_Img8,ref_8_Img11,TRUE
ref_8_Img8,ref_8_Img12,FALSE
ref_8_Img8,ref_8_Img13,TRUE
ref_8_Img8,ref_8_Img14,TRUE
ref_8_Img8,ref_8_Img15,TRUE
ref_8_Img8,ref_8_Img16,TRUE
ref_8_Img9,ref_8_Img10,TRUE
ref_8_Img9,ref_8_Img11,TRUE
ref_8_Img9,ref_8_Img12,TRUE
ref_8_Img9,ref_8_Img13,TRUE
ref_8_Img9,ref_8_Img14,TRUE
ref_8_Img9,ref_8_Img15,TRUE
ref_8_Img9,ref_8_Img16,TRUE
ref_8_Img10,ref_8_Img11,TRUE
ref_8_Img10,ref_8_Img12,TRUE
ref_8_Img10,ref_8_Img13,TRUE
ref_8_Img10,ref_8_Img14,TRUE
ref_8_Img10,ref_8_Img15,TRUE
ref_8_Img10,ref_8_Img16,FALSE
ref_8_Img11,ref_8_Img12,TRUE
ref_8_Img11,ref_8_Img13,TRUE
ref_8_Img11,ref_8_Img14,TRUE
ref_8_Img11,ref_8_Img15,TRUE
ref_8_Img11,ref_8_Img16,TRUE
ref_8_Img12,ref_8_Img13,TRUE
ref_8_Img12,ref_8_Img14,TRUE
ref_8_Img12,ref_8_Img15,TRUE
ref_8_Img12,ref_8_Img16,FALSE
ref_8_Img13,ref_8_Img14,TRUE
ref_8_Img13,ref_8_Img15,TRUE
ref_8_Img13,ref_8_Img16,TRUE
ref_8_Img14,ref_8_Img15,TRUE
ref_8_Img14,ref_8_Img16,TRUE
ref_8_Img15,ref_8_Img16,TRUE
ref_9_Img1,ref_9_Img2,TRUE
ref_9_Img1,ref_9_Img3,TRUE
ref_9_Img1,ref_9_Img4,TRUE
ref_9_Img1,ref_9_Img5,FALSE
ref_9_Img1,ref_9_Img6,FALSE
ref_9_Img1,ref_9_Img7,TRUE
ref_9_Img1,ref_9_Img8,FALSE
ref_9_Img1,ref_9_Img9,FALSE
ref_9_Img1,ref_9_Img10,TRUE
ref_9_Img1,ref_9_Img11,TRUE
ref_9_Img1,ref_9_Img12,FALSE
ref_9_Img1,ref_9_Img13,TRUE
ref_9_Img1,ref_9_Img14,FALSE
ref_9_Img1,ref_9_Img15,FALSE
ref_9_Img1,ref_9_Img16,TRUE
ref_9_Img2,ref_9_Img3,TRUE
ref_9_Img2,ref_9_Img4,TRUE
ref_9_Img2,ref_9_Img5,FALSE
ref_9_Img2,ref_9_Img6,TRUE
ref_9_Img2,ref_9_Img7,TRUE
ref_9_Img2,ref_9_Img8,FALSE
ref_9_Img2,ref_9_Img9,TRUE
ref_9_Img2,ref_9_Img10,TRUE
ref_9_Img2,ref_9_Img11,TRUE
ref_9_Img2,ref_9_Img12,FALSE
ref_9_Img2,ref_9_Img13,TRUE
ref_9_Img2,ref_9_Img14,FALSE
ref_9_Img2,ref_9_Img15,FALSE
ref_9_Img2,ref_9_Img16,TRUE
ref_9_Img3,ref_9_Img4,TRUE
ref_9_Img3,ref_9_Img5,TRUE
ref_9_Img3,ref_9_Img6,TRUE
ref_9_Img3,ref_9_Img7,TRUE
ref_9_Img3,ref_9_Img8,TRUE
ref_9_Img3,ref_9_Img9,TRUE
ref_9_Img3,ref_9_Img10,TRUE
ref_9_Img3,ref_9_Img11,TRUE
ref_9_Img3,ref_9_Img12,TRUE
ref_9_Img3,ref_9_Img13,FALSE
ref_9_Img3,ref_9_Img14,FALSE
ref_9_Img3,ref_9_Img15,TRUE
ref_9_Img3,ref_9_Img16,TRUE
ref_9_Img4,ref_9_Img5,TRUE
ref_9_Img4,ref_9_Img6,TRUE
ref_9_Img4,ref_9_Img7,TRUE
ref_9_Img4,ref_9_Img8,TRUE
ref_9_Img4,ref_9_Img9,TRUE
ref_9_Img4,ref_9_Img10,TRUE
ref_9_Img4,ref_9_Img11,TRUE
ref_9_Img4,ref_9_Img12,TRUE
ref_9_Img4,ref_9_Img13,TRUE
ref_9_Img4,ref_9_Img14,TRUE
ref_9_Img4,ref_9_Img15,TRUE
ref_9_Img4,ref_9_Img16,FALSE
ref_9_Img5,ref_9_Img6,FALSE
ref_9_Img5,ref_9_Img7,TRUE
ref_9_Img5,ref_9_Img8,TRUE
ref_9_Img5,ref_9_Img9,TRUE
ref_9_Img5,ref_9_Img10,TRUE
ref_9_Img5,ref_9_Img11,TRUE
ref_9_Img5,ref_9_Img12,TRUE
ref_9_Img5,ref_9_Img13,TRUE
ref_9_Img5,ref_9_Img14,TRUE
ref_9_Img5,ref_9_Img15,TRUE
ref_9_Img5,ref_9_Img16,TRUE
ref_9_Img6,ref_9_Img7,TRUE
ref_9_Img6,ref_9_Img8,TRUE
ref_9_Img6,ref_9_Img9,TRUE
ref_9_Img6,ref_9_Img10,TRUE
ref_9_Img6,ref_9_Img11,TRUE
ref_9_Img6,ref_9_Img12,TRUE
ref_9_Img6,ref_9_Img13,TRUE
ref_9_Img6,ref_9_Img14,TRUE
ref_9_Img6,ref_9_Img15,TRUE
ref_9_Img6,ref_9_Img16,TRUE
ref_9_Img7,ref_9_Img8,TRUE
ref_9_Img7,ref_9_Img9,FALSE
ref_9_Img7,ref_9_Img10,FALSE
ref_9_Img7,ref_9_Img11,TRUE
ref_9_Img7,ref_9_Img12,TRUE
ref_9_Img7,ref_9_Img13,TRUE
ref_9_Img7,ref_9_Img14,TRUE
ref_9_Img7,ref_9_Img15,TRUE
ref_9_Img7,ref_9_Img16,TRUE
ref_9_Img8,ref_9_Img9,TRUE
ref_9_Img8,ref_9_Img10,TRUE
ref_9_Img8,ref_9_Img11,TRUE
ref_9_Img8,ref_9_Img12,TRUE
ref_9_Img8,ref_9_Img13,TRUE
ref_9_Img8,ref_9_Img14,TRUE
ref_9_Img8,ref_9_Img15,TRUE
ref_9_Img8,ref_9_Img16,TRUE
ref_9_Img9,ref_9_Img10,TRUE
ref_9_Img9,ref_9_Img11,TRUE
ref_9_Img9,ref_9_Img12,TRUE
ref_9_Img9,ref_9_Img13,FALSE
ref_9_Img9,ref_9_Img14,TRUE
ref_9_Img9,ref_9_Img15,TRUE
ref_9_Img9,ref_9_Img16,TRUE
ref_9_Img10,ref_9_Img11,TRUE
ref_9_Img10,ref_9_Img12,TRUE
ref_9_Img10,ref_9_Img13,TRUE
ref_9_Img10,ref_9_Img14,TRUE
ref_9_Img10,ref_9_Img15,TRUE
ref_9_Img10,ref_9_Img16,TRUE
ref_9_Img11,ref_9_Img12,TRUE
ref_9_Img11,ref_9_Img13,TRUE
ref_9_Img11,ref_9_Img14,TRUE
ref_9_Img11,ref_9_Img15,TRUE
ref_9_Img11,ref_9_Img16,TRUE
ref_9_Img12,ref_9_Img13,TRUE
ref_9_Img12,ref_9_Img14,TRUE
ref_9_Img12,ref_9_Img15,TRUE
ref_9_Img12,ref_9_Img16,FALSE
ref_9_Img13,ref_9_Img14,TRUE
ref_9_Img13,ref_9_Img15,TRUE
ref_9_Img13,ref_9_Img16,TRUE
ref_9_Img14,ref_9_Img15,TRUE
ref_9_Img14,ref_9_Img16,TRUE
ref_9_Img15,ref_9_Img16,FALSE
ref_10_Img1,ref_10_Img2,TRUE
ref_10_Img1,ref_10_Img3,FALSE
ref_10_Img1,ref_10_Img4,FALSE
ref_10_Img1,ref_10_Img5,FALSE
ref_10_Img1,ref_10_Img6,TRUE
ref_10_Img1,ref_10_Img7,TRUE
ref_10_Img1,ref_10_Img8,FALSE
ref_10_Img1,ref_10_Img9,TRUE
ref_10_Img1,ref_10_Img10,FALSE
ref_10_Img1,ref_10_Img11,FALSE
ref_10_Img1,ref_10_Img12,TRUE
ref_10_Img1,ref_10_Img13,TRUE
ref_10_Img1,ref_10_Img14,TRUE
ref_10_Img1,ref_10_Img15,TRUE
ref_10_Img1,ref_10_Img16,TRUE
ref_10_Img2,ref_10_Img3,FALSE
ref_10_Img2,ref_10_Img4,TRUE
ref_10_Img2,ref_10_Img5,TRUE
ref_10_Img2,ref_10_Img6,TRUE
ref_10_Img2,ref_10_Img7,TRUE
ref_10_Img2,ref_10_Img8,TRUE
ref_10_Img2,ref_10_Img9,TRUE
ref_10_Img2,ref_10_Img10,TRUE
ref_10_Img2,ref_10_Img11,TRUE
ref_10_Img2,ref_10_Img12,TRUE
ref_10_Img2,ref_10_Img13,TRUE
ref_10_Img2,ref_10_Img14,FALSE
ref_10_Img2,ref_10_Img15,TRUE
ref_10_Img2,ref_10_Img16,TRUE
ref_10_Img3,ref_10_Img4,TRUE
ref_10_Img3,ref_10_Img5,TRUE
ref_10_Img3,ref_10_Img6,TRUE
ref_10_Img3,ref_10_Img7,TRUE
ref_10_Img3,ref_10_Img8,TRUE
ref_10_Img3,ref_10_Img9,FALSE
ref_10_Img3,ref_10_Img10,TRUE
ref_10_Img3,ref_10_Img11,TRUE
ref_10_Img3,ref_10_Img12,FALSE
ref_10_Img3,ref_10_Img13,TRUE
ref_10_Img3,ref_10_Img14,TRUE
ref_10_Img3,ref_10_Img15,TRUE
ref_10_Img3,ref_10_Img16,TRUE
ref_10_Img4,ref_10_Img5,TRUE
ref_10_Img4,ref_10_Img6,FALSE
ref_10_Img4,ref_10_Img7,FALSE
ref_10_Img4,ref_10_Img8,TRUE
ref_10_Img4,ref_10_Img9,TRUE
ref_10_Img4,ref_10_Img10,TRUE
ref_10_Img4,ref_10_Img11,TRUE
ref_10_Img4,ref_10_Img12,TRUE
ref_10_Img4,ref_10_Img13,TRUE
ref_10_Img4,ref_10_Img14,TRUE
ref_10_Img4,ref_10_Img15,TRUE
ref_10_Img4,ref_10_Img16,TRUE
ref_10_Img5,ref_10_Img6,TRUE
ref_10_Img5,ref_10_Img7,TRUE
ref_10_Img5,ref_10_Img8,TRUE
ref_10_Img5,ref_10_Img9,FALSE
ref_10_Img5,ref_10_Img10,TRUE
ref_10_Img5,ref_10_Img11,TRUE
ref_10_Img5,ref_10_Img12,TRUE
ref_10_Img5,ref_10_Img13,FALSE
ref_10_Img5,ref_10_Img14,TRUE
ref_10_Img5,ref_10_Img15,TRUE
ref_10_Img5,ref_10_Img16,TRUE
ref_10_Img6,ref_10_Img7,TRUE
ref_10_Img6,ref_10_Img8,TRUE
ref_10_Img6,ref_10_Img9,TRUE
ref_10_Img6,ref_10_Img10,TRUE
ref_10_Img6,ref_10_Img11,FALSE
ref_10_Img6,ref_10_Img12,TRUE
ref_10_Img6,ref_10_Img13,TRUE
ref_10_Img6,ref_10_Img14,TRUE
ref_10_Img6,ref_10_Img15,TRUE
ref_10_Img6,ref_10_Img16,TRUE
ref_10_Img7,ref_10_Img8,TRUE
ref_10_Img7,ref_10_Img9,TRUE
ref_10_Img7,ref_10_Img10,TRUE
ref_10_Img7,ref_10_Img11,TRUE
ref_10_Img7,ref_10_Img12,TRUE
ref_10_Img7,ref_10_Img13,TRUE
ref_10_Img7,ref_10_Img14,TRUE
ref_10_Img7,ref_10_Img15,TRUE
ref_10_Img7,ref_10_Img16,TRUE
ref_10_Img8,ref_10_Img9,FALSE
ref_10_Img8,ref_10_Img10,TRUE
ref_10_Img8,ref_10_Img11,TRUE
ref_10_Img8,ref_10_Img12,TRUE
ref_10_Img8,ref_10_Img13,TRUE
ref_10_Img8,ref_10_Img14,TRUE
ref_10_Img8,ref_10_Img15,TRUE
ref_10_Img8,ref_10_Img16,TRUE
ref_10_Img9,ref_10_Img10,TRUE
ref_10_Img9,ref_10_Img11,TRUE
ref_10_Img9,ref_10_Img12,TRUE
ref_10_Img9,ref_10_Img13,TRUE
ref_10_Img9,ref_10_Img14,TRUE
ref_10_Img9,ref_10_Img15,TRUE
ref_10_Img9,ref_10_Img16,TRUE
ref_10_Img10,ref_10_Img11,TRUE
ref_10_Img10,ref_10_Img12,TRUE
ref_10_Img10,ref_10_Img13,TRUE
ref_10_Img10,ref_10_Img14,TRUE
ref_10_Img10,ref_10_Img15,TRUE
ref_10_Img10,ref_10_Img16,TRUE
ref_10_Img11,ref_10_Img12,TRUE
ref_10_Img11,ref_10_Img13,TRUE
ref_10_Img11,ref_10_Img14,TRUE
ref_10_Img11,ref_10_Img15,TRUE
ref_10_Img11,ref_10_Img16,FALSE
ref_10_Img12,ref_10_Img13,TRUE
ref_10_Img12,ref_10_Img14,FALSE
ref_10_Img12,ref_10_Img15,TRUE
ref_10_Img12,ref_10_Img16,TRUE
ref_10_Img13,ref_10_Img14,TRUE
ref_10_Img13,ref_10_Img15,TRUE
ref_10_Img13,ref_10_Img16,FALSE
ref_10_Img14,ref_10_Img15,TRUE
ref_10_Img14,ref_10_Img16,FALSE
ref_10_Img15,ref_10_Img16,TRUE
ref_11_Img1,ref_11_Img2,TRUE
ref_11_Img1,ref_11_Img3,FALSE
ref_11_Img1,ref_11_Img4,FALSE
ref_11_Img1,ref_11_Img5,TRUE
ref_11_Img1,ref_11_Img6,FALSE
ref_11_Img1,ref_11_Img7,FALSE
ref_11_Img1,ref_11_Img8,TRUE
ref_11_Img1,ref_11_Img9,TRUE
ref_11_Img1,ref_11_Img10,FALSE
ref_11_Img1,ref_11_Img11,FALSE
ref_11_Img1,ref_11_Img12,TRUE
ref_11_Img1,ref_11_Img13,TRUE
ref_11_Img1,ref_11_Img14,TRUE
ref_11_Img1,ref_11_Img15,TRUE
ref_11_Img1,ref_11_Img16,FALSE
ref_11_Img2,ref_11_Img3,TRUE
ref_11_Img2,ref_11_Img4,TRUE
ref_11_Img2,ref_11_Img5,TRUE
ref_11_Img2,ref_11_Img6,FALSE
ref_11_Img2,ref_11_Img7,TRUE
ref_11_Img2,ref_11_Img8,TRUE
ref_11_Img2,ref_11_Img9,TRUE
ref_11_Img2,ref_11_Img10,TRUE
ref_11_Img2,ref_11_Img11,FALSE
ref_11_Img2,ref_11_Img12,FALSE
ref_11_Img2,ref_11_Img13,FALSE
ref_11_Img2,ref_11_Img14,TRUE
ref_11_Img2,ref_11_Img15,TRUE
ref_11_Img2,ref_11_Img16,FALSE
ref_11_Img3,ref_11_Img4,TRUE
ref_11_Img3,ref_11_Img5,TRUE
ref_11_Img3,ref_11_Img6,FALSE
ref_11_Img3,ref_11_Img7,TRUE
ref_11_Img3,ref_11_Img8,TRUE
ref_11_Img3,ref_11_Img9,TRUE
ref_11_Img3,ref_11_Img10,TRUE
ref_11_Img3,ref_11_Img11,FALSE
ref_11_Img3,ref_11_Img12,FALSE
ref_11_Img3,ref_11_Img13,FALSE
ref_11_Img3,ref_11_Img14,TRUE
ref_11_Img3,ref_11_Img15,TRUE
ref_11_Img3,ref_11_Img16,TRUE
ref_11_Img4,ref_11_Img5,TRUE
ref_11_Img4,ref_11_Img6,TRUE
ref_11_Img4,ref_11_Img7,TRUE
ref_11_Img4,ref_11_Img8,TRUE
ref_11_Img4,ref_11_Img9,TRUE
ref_11_Img4,ref_11_Img10,FALSE
ref_11_Img4,ref_11_Img11,TRUE
ref_11_Img4,ref_11_Img12,TRUE
ref_11_Img4,ref_11_Img13,TRUE
ref_11_Img4,ref_11_Img14,TRUE
ref_11_Img4,ref_11_Img15,TRUE
ref_11_Img4,ref_11_Img16,FALSE
ref_11_Img5,ref_11_Img6,TRUE
ref_11_Img5,ref_11_Img7,TRUE
ref_11_Img5,ref_11_Img8,TRUE
ref_11_Img5,ref_11_Img9,TRUE
ref_11_Img5,ref_11_Img10,TRUE
ref_11_Img5,ref_11_Img11,TRUE
ref_11_Img5,ref_11_Img12,TRUE
ref_11_Img5,ref_11_Img13,TRUE
ref_11_Img5,ref_11_Img14,TRUE
ref_11_Img5,ref_11_Img15,TRUE
ref_11_Img5,ref_11_Img16,TRUE
ref_11_Img6,ref_11_Img7,FALSE
ref_11_Img6,ref_11_Img8,FALSE
ref_11_Img6,ref_11_Img9,TRUE
ref_11_Img6,ref_11_Img10,TRUE
ref_11_Img6,ref_11_Img11,TRUE
ref_11_Img6,ref_11_Img12,TRUE
ref_11_Img6,ref_11_Img13,TRUE
ref_11_Img6,ref_11_Img14,TRUE
ref_11_Img6,ref_11_Img15,TRUE
ref_11_Img6,ref_11_Img16,TRUE
ref_11_Img7,ref_11_Img8,TRUE
ref_11_Img7,ref_11_Img9,TRUE
ref_11_Img7,ref_11_Img10,TRUE
ref_11_Img7,ref_11_Img11,FALSE
ref_11_Img7,ref_11_Img12,TRUE
ref_11_Img7,ref_11_Img13,TRUE
ref_11_Img7,ref_11_Img14,TRUE
ref_11_Img7,ref_11_Img15,TRUE
ref_11_Img7,ref_11_Img16,TRUE
ref_11_Img8,ref_11_Img9,TRUE
ref_11_Img8,ref_11_Img10,FALSE
ref_11_Img8,ref_11_Img11,TRUE
ref_11_Img8,ref_11_Img12,TRUE
ref_11_Img8,ref_11_Img13,TRUE
ref_11_Img8,ref_11_Img14,TRUE
ref_11_Img8,ref_11_Img15,TRUE
ref_11_Img8,ref_11_Img16,TRUE
ref_11_Img9,ref_11_Img10,FALSE
ref_11_Img9,ref_11_Img11,TRUE
ref_11_Img9,ref_11_Img12,TRUE
ref_11_Img9,ref_11_Img13,TRUE
ref_11_Img9,ref_11_Img14,TRUE
ref_11_Img9,ref_11_Img15,TRUE
ref_11_Img9,ref_11_Img16,TRUE
ref_11_Img10,ref_11_Img11,TRUE
ref_11_Img10,ref_11_Img12,TRUE
ref_11_Img10,ref_11_Img13,TRUE
ref_11_Img10,ref_11_Img14,TRUE
ref_11_Img10,ref_11_Img15,TRUE
ref_11_Img10,ref_11_Img16,TRUE
ref_11_Img11,ref_11_Img12,TRUE
ref_11_Img11,ref_11_Img13,TRUE
ref_11_Img11,ref_11_Img14,TRUE
ref_11_Img11,ref_11_Img15,TRUE
ref_11_Img11,ref_11_Img16,TRUE
ref_11_Img12,ref_11_Img13,TRUE
ref_11_Img12,ref_11_Img14,TRUE
ref_11_Img12,ref_11_Img15,TRUE
ref_11_Img12,ref_11_Img16,TRUE
ref_11_Img13,ref_11_Img14,TRUE
ref_11_Img13,ref_11_Img15,TRUE
ref_11_Img13,ref_11_Img16,FALSE
ref_11_Img14,ref_11_Img15,TRUE
ref_11_Img14,ref_11_Img16,TRUE
ref_11_Img15,ref_11_Img16,FALSE
ref_12_Img1,ref_12_Img2,FALSE
ref_12_Img1,ref_12_Img3,FALSE
ref_12_Img1,ref_12_Img4,TRUE
ref_12_Img1,ref_12_Img5,TRUE
ref_12_Img1,ref_12_Img6,TRUE
ref_12_Img1,ref_12_Img7,TRUE
ref_12_Img1,ref_12_Img8,FALSE
ref_12_Img1,ref_12_Img9,TRUE
ref_12_Img1,ref_12_Img10,TRUE
ref_12_Img1,ref_12_Img11,TRUE
ref_12_Img1,ref_12_Img12,TRUE
ref_12_Img1,ref_12_Img13,TRUE
ref_12_Img1,ref_12_Img14,TRUE
ref_12_Img1,ref_12_Img15,TRUE
ref_12_Img1,ref_12_Img16,FALSE
ref_12_Img2,ref_12_Img3,TRUE
ref_12_Img2,ref_12_Img4,FALSE
ref_12_Img2,ref_12_Img5,FALSE
ref_12_Img2,ref_12_Img6,TRUE
ref_12_Img2,ref_12_Img7,TRUE
ref_12_Img2,ref_12_Img8,TRUE
ref_12_Img2,ref_12_Img9,FALSE
ref_12_Img2,ref_12_Img10,TRUE
ref_12_Img2,ref_12_Img11,FALSE
ref_12_Img2,ref_12_Img12,TRUE
ref_12_Img2,ref_12_Img13,TRUE
ref_12_Img2,ref_12_Img14,FALSE
ref_12_Img2,ref_12_Img15,TRUE
ref_12_Img2,ref_12_Img16,TRUE
ref_12_Img3,ref_12_Img4,TRUE
ref_12_Img3,ref_12_Img5,TRUE
ref_12_Img3,ref_12_Img6,FALSE
ref_12_Img3,ref_12_Img7,TRUE
ref_12_Img3,ref_12_Img8,TRUE
ref_12_Img3,ref_12_Img9,TRUE
ref_12_Img3,ref_12_Img10,FALSE
ref_12_Img3,ref_12_Img11,TRUE
ref_12_Img3,ref_12_Img12,TRUE
ref_12_Img3,ref_12_Img13,TRUE
ref_12_Img3,ref_12_Img14,TRUE
ref_12_Img3,ref_12_Img15,FALSE
ref_12_Img3,ref_12_Img16,TRUE
ref_12_Img4,ref_12_Img5,TRUE
ref_12_Img4,ref_12_Img6,FALSE
ref_12_Img4,ref_12_Img7,TRUE
ref_12_Img4,ref_12_Img8,TRUE
ref_12_Img4,ref_12_Img9,TRUE
ref_12_Img4,ref_12_Img10,TRUE
ref_12_Img4,ref_12_Img11,FALSE
ref_12_Img4,ref_12_Img12,TRUE
ref_12_Img4,ref_12_Img13,TRUE
ref_12_Img4,ref_12_Img14,TRUE
ref_12_Img4,ref_12_Img15,TRUE
ref_12_Img4,ref_12_Img16,TRUE
ref_12_Img5,ref_12_Img6,TRUE
ref_12_Img5,ref_12_Img7,TRUE
ref_12_Img5,ref_12_Img8,TRUE
ref_12_Img5,ref_12_Img9,TRUE
ref_12_Img5,ref_12_Img10,TRUE
ref_12_Img5,ref_12_Img11,TRUE
ref_12_Img5,ref_12_Img12,TRUE
ref_12_Img5,ref_12_Img13,TRUE
ref_12_Img5,ref_12_Img14,TRUE
ref_12_Img5,ref_12_Img15,TRUE
ref_12_Img5,ref_12_Img16,FALSE
ref_12_Img6,ref_12_Img7,FALSE
ref_12_Img6,ref_12_Img8,TRUE
ref_12_Img6,ref_12_Img9,TRUE
ref_12_Img6,ref_12_Img10,TRUE
ref_12_Img6,ref_12_Img11,TRUE
ref_12_Img6,ref_12_Img12,TRUE
ref_12_Img6,ref_12_Img13,TRUE
ref_12_Img6,ref_12_Img14,TRUE
ref_12_Img6,ref_12_Img15,TRUE
ref_12_Img6,ref_12_Img16,TRUE
ref_12_Img7,ref_12_Img8,TRUE
ref_12_Img7,ref_12_Img9,TRUE
ref_12_Img7,ref_12_Img10,FALSE
ref_12_Img7,ref_12_Img11,FALSE
ref_12_Img7,ref_12_Img12,TRUE
ref_12_Img7,ref_12_Img13,TRUE
ref_12_Img7,ref_12_Img14,TRUE
ref_12_Img7,ref_12_Img15,TRUE
ref_12_Img7,ref_12_Img16,FALSE
ref_12_Img8,ref_12_Img9,TRUE
ref_12_Img8,ref_12_Img10,TRUE
ref_12_Img8,ref_12_Img11,TRUE
ref_12_Img8,ref_12_Img12,TRUE
ref_12_Img8,ref_12_Img13,TRUE
ref_12_Img8,ref_12_Img14,TRUE
ref_12_Img8,ref_12_Img15,TRUE
ref_12_Img8,ref_12_Img16,TRUE
ref_12_Img9,ref_12_Img10,TRUE
ref_12_Img9,ref_12_Img11,TRUE
ref_12_Img9,ref_12_Img12,TRUE
ref_12_Img9,ref_12_Img13,TRUE
ref_12_Img9,ref_12_Img14,TRUE
ref_12_Img9,ref_12_Img15,FALSE
ref_12_Img9,ref_12_Img16,FALSE
ref_12_Img10,ref_12_Img11,TRUE
ref_12_Img10,ref_12_Img12,TRUE
ref_12_Img10,ref_12_Img13,TRUE
ref_12_Img10,ref_12_Img14,TRUE
ref_12_Img10,ref_12_Img15,TRUE
ref_12_Img10,ref_12_Img16,TRUE
ref_12_Img11,ref_12_Img12,TRUE
ref_12_Img11,ref_12_Img13,TRUE
ref_12_Img11,ref_12_Img14,TRUE
ref_12_Img11,ref_12_Img15,TRUE
ref_12_Img11,ref_12_Img16,TRUE
ref_12_Img12,ref_12_Img13,TRUE
ref_12_Img12,ref_12_Img14,TRUE
ref_12_Img12,ref_12_Img15,FALSE
ref_12_Img12,ref_12_Img16,FALSE
ref_12_Img13,ref_12_Img14,TRUE
ref_12_Img13,ref_12_Img15,TRUE
ref_12_Img13,ref_12_Img16,TRUE
ref_12_Img14,ref_12_Img15,TRUE
ref_12_Img14,ref_12_Img16,TRUE
ref_12_Img15,ref_12_Img16,TRUE
ref_13_Img1,ref_13_Img2,TRUE
ref_13_Img1,ref_13_Img3,TRUE
ref_13_Img1,ref_13_Img4,TRUE
ref_13_Img1,ref_13_Img5,TRUE
ref_13_Img1,ref_13_Img6,TRUE
ref_13_Img1,ref_13_Img7,TRUE
ref_13_Img1,ref_13_Img8,FALSE
ref_13_Img1,ref_13_Img9,FALSE
ref_13_Img1,ref_13_Img10,TRUE
ref_13_Img1,ref_13_Img11,TRUE
ref_13_Img1,ref_13_Img12,TRUE
ref_13_Img1,ref_13_Img13,FALSE
ref_13_Img1,ref_13_Img14,TRUE
ref_13_Img1,ref_13_Img15,FALSE
ref_13_Img1,ref_13_Img16,FALSE
ref_13_Img2,ref_13_Img3,TRUE
ref_13_Img2,ref_13_Img4,TRUE
ref_13_Img2,ref_13_Img5,TRUE
ref_13_Img2,ref_13_Img6,TRUE
ref_13_Img2,ref_13_Img7,TRUE
ref_13_Img2,ref_13_Img8,TRUE
ref_13_Img2,ref_13_Img9,TRUE
ref_13_Img2,ref_13_Img10,TRUE
ref_13_Img2,ref_13_Img11,TRUE
ref_13_Img2,ref_13_Img12,TRUE
ref_13_Img2,ref_13_Img13,FALSE
ref_13_Img2,ref_13_Img14,TRUE
ref_13_Img2,ref_13_Img15,TRUE
ref_13_Img2,ref_13_Img16,TRUE
ref_13_Img3,ref_13_Img4,TRUE
ref_13_Img3,ref_13_Img5,TRUE
ref_13_Img3,ref_13_Img6,TRUE
ref_13_Img3,ref_13_Img7,TRUE
ref_13_Img3,ref_13_Img8,TRUE
ref_13_Img3,ref_13_Img9,TRUE
ref_13_Img3,ref_13_Img10,FALSE
ref_13_Img3,ref_13_Img11,TRUE
ref_13_Img3,ref_13_Img12,TRUE
ref_13_Img3,ref_13_Img13,TRUE
ref_13_Img3,ref_13_Img14,TRUE
ref_13_Img3,ref_13_Img15,TRUE
ref_13_Img3,ref_13_Img16,FALSE
ref_13_Img4,ref_13_Img5,TRUE
ref_13_Img4,ref_13_Img6,TRUE
ref_13_Img4,ref_13_Img7,TRUE
ref_13_Img4,ref_13_Img8,TRUE
ref_13_Img4,ref_13_Img9,FALSE
ref_13_Img4,ref_13_Img10,TRUE
ref_13_Img4,ref_13_Img11,TRUE
ref_13_Img4,ref_13_Img12,TRUE
ref_13_Img4,ref_13_Img13,TRUE
ref_13_Img4,ref_13_Img14,TRUE
ref_13_Img4,ref_13_Img15,TRUE
ref_13_Img4,ref_13_Img16,FALSE
ref_13_Img5,ref_13_Img6,TRUE
ref_13_Img5,ref_13_Img7,TRUE
ref_13_Img5,ref_13_Img8,TRUE
ref_13_Img5,ref_13_Img9,FALSE
ref_13_Img5,ref_13_Img10,FALSE
ref_13_Img5,ref_13_Img11,TRUE
ref_13_Img5,ref_13_Img12,TRUE
ref_13_Img5,ref_13_Img13,TRUE
ref_13_Img5,ref_13_Img14,TRUE
ref_13_Img5,ref_13_Img15,FALSE
ref_13_Img5,ref_13_Img16,TRUE
ref_13_Img6,ref_13_Img7,TRUE
ref_13_Img6,ref_13_Img8,TRUE
ref_13_Img6,ref_13_Img9,TRUE
ref_13_Img6,ref_13_Img10,TRUE
ref_13_Img6,ref_13_Img11,TRUE
ref_13_Img6,ref_13_Img12,FALSE
ref_13_Img6,ref_13_Img13,FALSE
ref_13_Img6,ref_13_Img14,TRUE
ref_13_Img6,ref_13_Img15,TRUE
ref_13_Img6,ref_13_Img16,TRUE
ref_13_Img7,ref_13_Img8,TRUE
ref_13_Img7,ref_13_Img9,TRUE
ref_13_Img7,ref_13_Img10,TRUE
ref_13_Img7,ref_13_Img11,TRUE
ref_13_Img7,ref_13_Img12,TRUE
ref_13_Img7,ref_13_Img13,TRUE
ref_13_Img7,ref_13_Img14,TRUE
ref_13_Img7,ref_13_Img15,TRUE
ref_13_Img7,ref_13_Img16,FALSE
ref_13_Img8,ref_13_Img9,FALSE
ref_13_Img8,ref_13_Img10,TRUE
ref_13_Img8,ref_13_Img11,TRUE
ref_13_Img8,ref_13_Img12,TRUE
ref_13_Img8,ref_13_Img13,TRUE
ref_13_Img8,ref_13_Img14,TRUE
ref_13_Img8,ref_13_Img15,FALSE
ref_13_Img8,ref_13_Img16,TRUE
ref_13_Img9,ref_13_Img10,TRUE
ref_13_Img9,ref_13_Img11,TRUE
ref_13_Img9,ref_13_Img12,FALSE
ref_13_Img9,ref_13_Img13,FALSE
ref_13_Img9,ref_13_Img14,TRUE
ref_13_Img9,ref_13_Img15,TRUE
ref_13_Img9,ref_13_Img16,TRUE
ref_13_Img10,ref_13_Img11,TRUE
ref_13_Img10,ref_13_Img12,TRUE
ref_13_Img10,ref_13_Img13,FALSE
ref_13_Img10,ref_13_Img14,TRUE
ref_13_Img10,ref_13_Img15,TRUE
ref_13_Img10,ref_13_Img16,TRUE
ref_13_Img11,ref_13_Img12,TRUE
ref_13_Img11,ref_13_Img13,TRUE
ref_13_Img11,ref_13_Img14,TRUE
ref_13_Img11,ref_13_Img15,TRUE
ref_13_Img11,ref_13_Img16,FALSE
ref_13_Img12,ref_13_Img13,TRUE
ref_13_Img12,ref_13_Img14,TRUE
ref_13_Img12,ref_13_Img15,FALSE
ref_13_Img12,ref_13_Img16,FALSE
ref_13_Img13,ref_13_Img14,TRUE
ref_13_Img13,ref_13_Img15,FALSE
ref_13_Img13,ref_13_Img16,FALSE
ref_13_Img14,ref_13_Img15,TRUE
ref_13_Img14,ref_13_Img16,TRUE
ref_13_Img15,ref_13_Img16,TRUE
ref_14_Img1,ref_14_Img2,FALSE
ref_14_Img1,ref_14_Img3,FALSE
ref_14_Img1,ref_14_Img4,FALSE
ref_14_Img1,ref_14_Img5,TRUE
ref_14_Img1,ref_14_Img6,FALSE
ref_14_Img1,ref_14_Img7,FALSE
ref_14_Img1,ref_14_Img8,FALSE
ref_14_Img1,ref_14_Img9,FALSE
ref_14_Img1,ref_14_Img10,TRUE
ref_14_Img1,ref_14_Img11,TRUE
ref_14_Img1,ref_14_Img12,FALSE
ref_14_Img1,ref_14_Img13,TRUE
ref_14_Img1,ref_14_Img14,TRUE
ref_14_Img1,ref_14_Img15,TRUE
ref_14_Img1,ref_14_Img16,TRUE
ref_14_Img2,ref_14_Img3,TRUE
ref_14_Img2,ref_14_Img4,TRUE
ref_14_Img2,ref_14_Img5,TRUE
ref_14_Img2,ref_14_Img6,FALSE
ref_14_Img2,ref_14_Img7,TRUE
ref_14_Img2,ref_14_Img8,TRUE
ref_14_Img2,ref_14_Img9,TRUE
ref_14_Img2,ref_14_Img10,FALSE
ref_14_Img2,ref_14_Img11,FALSE
ref_14_Img2,ref_14_Img12,FALSE
ref_14_Img2,ref_14_Img13,TRUE
ref_14_Img2,ref_14_Img14,FALSE
ref_14_Img2,ref_14_Img15,TRUE
ref_14_Img2,ref_14_Img16,TRUE
ref_14_Img3,ref_14_Img4,TRUE
ref_14_Img3,ref_14_Img5,FALSE
ref_14_Img3,ref_14_Img6,FALSE
ref_14_Img3,ref_14_Img7,TRUE
ref_14_Img3,ref_14_Img8,TRUE
ref_14_Img3,ref_14_Img9,TRUE
ref_14_Img3,ref_14_Img10,TRUE
ref_14_Img3,ref_14_Img11,TRUE
ref_14_Img3,ref_14_Img12,FALSE
ref_14_Img3,ref_14_Img13,FALSE
ref_14_Img3,ref_14_Img14,TRUE
ref_14_Img3,ref_14_Img15,TRUE
ref_14_Img3,ref_14_Img16,TRUE
ref_14_Img4,ref_14_Img5,TRUE
ref_14_Img4,ref_14_Img6,TRUE
ref_14_Img4,ref_14_Img7,FALSE
ref_14_Img4,ref_14_Img8,TRUE
ref_14_Img4,ref_14_Img9,TRUE
ref_14_Img4,ref_14_Img10,TRUE
ref_14_Img4,ref_14_Img11,TRUE
ref_14_Img4,ref_14_Img12,TRUE
ref_14_Img4,ref_14_Img13,TRUE
ref_14_Img4,ref_14_Img14,TRUE
ref_14_Img4,ref_14_Img15,TRUE
ref_14_Img4,ref_14_Img16,TRUE
ref_14_Img5,ref_14_Img6,TRUE
ref_14_Img5,ref_14_Img7,FALSE
ref_14_Img5,ref_14_Img8,TRUE
ref_14_Img5,ref_14_Img9,FALSE
ref_14_Img5,ref_14_Img10,TRUE
ref_14_Img5,ref_14_Img11,TRUE
ref_14_Img5,ref_14_Img12,TRUE
ref_14_Img5,ref_14_Img13,TRUE
ref_14_Img5,ref_14_Img14,TRUE
ref_14_Img5,ref_14_Img15,TRUE
ref_14_Img5,ref_14_Img16,TRUE
ref_14_Img6,ref_14_Img7,FALSE
ref_14_Img6,ref_14_Img8,FALSE
ref_14_Img6,ref_14_Img9,FALSE
ref_14_Img6,ref_14_Img10,TRUE
ref_14_Img6,ref_14_Img11,TRUE
ref_14_Img6,ref_14_Img12,TRUE
ref_14_Img6,ref_14_Img13,TRUE
ref_14_Img6,ref_14_Img14,TRUE
ref_14_Img6,ref_14_Img15,TRUE
ref_14_Img6,ref_14_Img16,TRUE
ref_14_Img7,ref_14_Img8,TRUE
ref_14_Img7,ref_14_Img9,TRUE
ref_14_Img7,ref_14_Img10,TRUE
ref_14_Img7,ref_14_Img11,FALSE
ref_14_Img7,ref_14_Img12,FALSE
ref_14_Img7,ref_14_Img13,FALSE
ref_14_Img7,ref_14_Img14,TRUE
ref_14_Img7,ref_14_Img15,TRUE
ref_14_Img7,ref_14_Img16,TRUE
ref_14_Img8,ref_14_Img9,TRUE
ref_14_Img8,ref_14_Img10,TRUE
ref_14_Img8,ref_14_Img11,TRUE
ref_14_Img8,ref_14_Img12,FALSE
ref_14_Img8,ref_14_Img13,TRUE
ref_14_Img8,ref_14_Img14,TRUE
ref_14_Img8,ref_14_Img15,TRUE
ref_14_Img8,ref_14_Img16,TRUE
ref_14_Img9,ref_14_Img10,TRUE
ref_14_Img9,ref_14_Img11,TRUE
ref_14_Img9,ref_14_Img12,FALSE
ref_14_Img9,ref_14_Img13,TRUE
ref_14_Img9,ref_14_Img14,TRUE
ref_14_Img9,ref_14_Img15,TRUE
ref_14_Img9,ref_14_Img16,TRUE
ref_14_Img10,ref_14_Img11,TRUE
ref_14_Img10,ref_14_Img12,TRUE
ref_14_Img10,ref_14_Img13,TRUE
ref_14_Img10,ref_14_Img14,TRUE
ref_14_Img10,ref_14_Img15,TRUE
ref_14_Img10,ref_14_Img16,TRUE
ref_14_Img11,ref_14_Img12,TRUE
ref_14_Img11,ref_14_Img13,TRUE
ref_14_Img11,ref_14_Img14,TRUE
ref_14_Img11,ref_14_Img15,TRUE
ref_14_Img11,ref_14_Img16,TRUE
ref_14_Img12,ref_14_Img13,TRUE
ref_14_Img12,ref_14_Img14,TRUE
ref_14_Img12,ref_14_Img15,TRUE
ref_14_Img12,ref_14_Img16,TRUE
ref_14_Img13,ref_14_Img14,TRUE
ref_14_Img13,ref_14_Img15,TRUE
ref_14_Img13,ref_14_Img16,TRUE
ref_14_Img14,ref_14_Img15,TRUE
ref_14_Img14,ref_14_Img16,TRUE
ref_14_Img15,ref_14_Img16,TRUE
ref_15_Img1,ref_15_Img2,TRUE
ref_15_Img1,ref_15_Img3,TRUE
ref_15_Img1,ref_15_Img4,TRUE
ref_15_Img1,ref_15_Img5,TRUE
ref_15_Img1,ref_15_Img6,FALSE
ref_15_Img1,ref_15_Img7,TRUE
ref_15_Img1,ref_15_Img8,TRUE
ref_15_Img1,ref_15_Img9,FALSE
ref_15_Img1,ref_15_Img10,TRUE
ref_15_Img1,ref_15_Img11,FALSE
ref_15_Img1,ref_15_Img12,FALSE
ref_15_Img1,ref_15_Img13,TRUE
ref_15_Img1,ref_15_Img14,TRUE
ref_15_Img1,ref_15_Img15,TRUE
ref_15_Img1,ref_15_Img16,TRUE
ref_15_Img2,ref_15_Img3,FALSE
ref_15_Img2,ref_15_Img4,TRUE
ref_15_Img2,ref_15_Img5,TRUE
ref_15_Img2,ref_15_Img6,TRUE
ref_15_Img2,ref_15_Img7,TRUE
ref_15_Img2,ref_15_Img8,TRUE
ref_15_Img2,ref_15_Img9,FALSE
ref_15_Img2,ref_15_Img10,TRUE
ref_15_Img2,ref_15_Img11,TRUE
ref_15_Img2,ref_15_Img12,TRUE
ref_15_Img2,ref_15_Img13,TRUE
ref_15_Img2,ref_15_Img14,TRUE
ref_15_Img2,ref_15_Img15,TRUE
ref_15_Img2,ref_15_Img16,TRUE
ref_15_Img3,ref_15_Img4,TRUE
ref_15_Img3,ref_15_Img5,TRUE
ref_15_Img3,ref_15_Img6,FALSE
ref_15_Img3,ref_15_Img7,TRUE
ref_15_Img3,ref_15_Img8,FALSE
ref_15_Img3,ref_15_Img9,FALSE
ref_15_Img3,ref_15_Img10,FALSE
ref_15_Img3,ref_15_Img11,TRUE
ref_15_Img3,ref_15_Img12,FALSE
ref_15_Img3,ref_15_Img13,TRUE
ref_15_Img3,ref_15_Img14,TRUE
ref_15_Img3,ref_15_Img15,TRUE
ref_15_Img3,ref_15_Img16,TRUE
ref_15_Img4,ref_15_Img5,TRUE
ref_15_Img4,ref_15_Img6,FALSE
ref_15_Img4,ref_15_Img7,TRUE
ref_15_Img4,ref_15_Img8,TRUE
ref_15_Img4,ref_15_Img9,TRUE
ref_15_Img4,ref_15_Img10,TRUE
ref_15_Img4,ref_15_Img11,TRUE
ref_15_Img4,ref_15_Img12,TRUE
ref_15_Img4,ref_15_Img13,TRUE
ref_15_Img4,ref_15_Img14,TRUE
ref_15_Img4,ref_15_Img15,TRUE
ref_15_Img4,ref_15_Img16,TRUE
ref_15_Img5,ref_15_Img6,FALSE
ref_15_Img5,ref_15_Img7,TRUE
ref_15_Img5,ref_15_Img8,TRUE
ref_15_Img5,ref_15_Img9,TRUE
ref_15_Img5,ref_15_Img10,TRUE
ref_15_Img5,ref_15_Img11,TRUE
ref_15_Img5,ref_15_Img12,TRUE
ref_15_Img5,ref_15_Img13,TRUE
ref_15_Img5,ref_15_Img14,TRUE
ref_15_Img5,ref_15_Img15,TRUE
ref_15_Img5,ref_15_Img16,TRUE
ref_15_Img6,ref_15_Img7,TRUE
ref_15_Img6,ref_15_Img8,TRUE
ref_15_Img6,ref_15_Img9,TRUE
ref_15_Img6,ref_15_Img10,TRUE
ref_15_Img6,ref_15_Img11,FALSE
ref_15_Img6,ref_15_Img12,TRUE
ref_15_Img6,ref_15_Img13,TRUE
ref_15_Img6,ref_15_Img14,TRUE
ref_15_Img6,ref_15_Img15,TRUE
ref_15_Img6,ref_15_Img16,TRUE
ref_15_Img7,ref_15_Img8,TRUE
ref_15_Img7,ref_15_Img9,TRUE
ref_15_Img7,ref_15_Img10,FALSE
ref_15_Img7,ref_15_Img11,FALSE
ref_15_Img7,ref_15_Img12,TRUE
ref_15_Img7,ref_15_Img13,TRUE
ref_15_Img7,ref_15_Img14,TRUE
ref_15_Img7,ref_15_Img15,TRUE
ref_15_Img7,ref_15_Img16,TRUE
ref_15_Img8,ref_15_Img9,TRUE
ref_15_Img8,ref_15_Img10,TRUE
ref_15_Img8,ref_15_Img11,TRUE
ref_15_Img8,ref_15_Img12,TRUE
ref_15_Img8,ref_15_Img13,TRUE
ref_15_Img8,ref_15_Img14,TRUE
ref_15_Img8,ref_15_Img15,TRUE
ref_15_Img8,ref_15_Img16,TRUE
ref_15_Img9,ref_15_Img10,TRUE
ref_15_Img9,ref_15_Img11,FALSE
ref_15_Img9,ref_15_Img12,TRUE
ref_15_Img9,ref_15_Img13,TRUE
ref_15_Img9,ref_15_Img14,TRUE
ref_15_Img9,ref_15_Img15,TRUE
ref_15_Img9,ref_15_Img16,TRUE
ref_15_Img10,ref_15_Img11,TRUE
ref_15_Img10,ref_15_Img12,FALSE
ref_15_Img10,ref_15_Img13,TRUE
ref_15_Img10,ref_15_Img14,FALSE
ref_15_Img10,ref_15_Img15,FALSE
ref_15_Img10,ref_15_Img16,TRUE
ref_15_Img11,ref_15_Img12,TRUE
ref_15_Img11,ref_15_Img13,FALSE
ref_15_Img11,ref_15_Img14,FALSE
ref_15_Img11,ref_15_Img15,FALSE
ref_15_Img11,ref_15_Img16,FALSE
ref_15_Img12,ref_15_Img13,TRUE
ref_15_Img12,ref_15_Img14,TRUE
ref_15_Img12,ref_15_Img15,TRUE
ref_15_Img12,ref_15_Img16,TRUE
ref_15_Img13,ref_15_Img14,TRUE
ref_15_Img13,ref_15_Img15,TRUE
ref_15_Img13,ref_15_Img16,TRUE
ref_15_Img14,ref_15_Img15,TRUE
ref_15_Img14,ref_15_Img16,TRUE
ref_15_Img15,ref_15_Img16,TRUE
